<updates>
	<update>
		<name>Evangelische Termine Liste</name>
		<description>Integrieren Sie Ihre Termine bei Evangelische Termine in Ihre Joomla-Seite mit dem Modul 'Evangelische Termine Liste'.</description>
		<element>mod_etliste</element>
		<type>module</type>
        <client>site</client>
		<version>1.0</version>
		<infourl title="Joomla!">https://github.com/herrpfarrer/Evangelische-Termine-Liste</infourl>
		<downloads>
			<downloadurl type="full" format="zip">https://github.com/herrpfarrer/Evangelische-Termine-Liste/releases/download/1.0/mod_etliste.zip</downloadurl>
		</downloads>
		<tags>
			<tag>stable</tag>
		</tags>
		<maintainer>Daniel Städtler</maintainer>
		<maintainerurl>https://github.com/herrpfarrer/</maintainerurl>
        <section>Updates</section>
        <targetplatform name="joomla" version="3" />
    </update>
	<update>
		<name>Evangelische Termine Liste</name>
		<description>Integrieren Sie Ihre Termine bei Evangelische Termine in Ihre Joomla-Seite mit dem Modul 'Evangelische Termine Liste' (v.1.0.2).</description>
		<element>mod_etliste</element>
		<type>module</type>
        <client>site</client>
		<version>1.0.2</version>
		<infourl title="Joomla!">https://github.com/herrpfarrer/Evangelische-Termine-Liste</infourl>
		<downloads>
			<downloadurl type="full" format="zip">https://github.com/herrpfarrer/Evangelische-Termine-Liste/releases/download/1.0.2/mod_etliste.zip</downloadurl>
		</downloads>
		<tags>
			<tag>stable</tag>
		</tags>
		<maintainer>Daniel Städtler</maintainer>
		<maintainerurl>https://github.com/herrpfarrer/</maintainerurl>
        <section>Updates</section>
        <targetplatform name="joomla" version="3" />
    </update>
	<update>
		<name>Evangelische Termine Liste</name>
		<description>Integrieren Sie Ihre Termine bei Evangelische Termine in Ihre Joomla-Seite mit dem Modul 'Evangelische Termine Liste' (v.1.0.3).</description>
		<element>mod_etliste</element>
		<type>module</type>
        <client>site</client>
		<version>1.0.3</version>
		<infourl title="Joomla!">https://github.com/herrpfarrer/Evangelische-Termine-Liste</infourl>
		<downloads>
			<downloadurl type="full" format="zip">https://github.com/herrpfarrer/Evangelische-Termine-Liste/releases/download/1.0.3/mod_etliste.zip</downloadurl>
		</downloads>
		<tags>
			<tag>stable</tag>
		</tags>
		<maintainer>Daniel Städtler</maintainer>
		<maintainerurl>https://github.com/herrpfarrer/</maintainerurl>
        <section>Updates</section>
        <targetplatform name="joomla" version="3" />
    </update>
	<update>
		<name>Evangelische Termine Liste</name>
		<description>Integrieren Sie Ihre Termine bei Evangelische Termine in Ihre Joomla-Seite mit dem Modul 'Evangelische Termine Liste' (v.2.0).</description>
		<element>mod_etliste</element>
		<type>module</type>
        <client>site</client>
		<version>2.0</version>
		<infourl title="Joomla!">https://github.com/herrpfarrer/Evangelische-Termine-Liste</infourl>
		<downloads>
			<downloadurl type="full" format="zip">https://github.com/herrpfarrer/Evangelische-Termine-Liste/releases/download/2.0/mod_etliste.zip</downloadurl>
		</downloads>
		<tags>
			<tag>stable</tag>
		</tags>
		<maintainer>Daniel Städtler</maintainer>
		<maintainerurl>https://github.com/herrpfarrer/</maintainerurl>
        <section>Updates</section>
        <targetplatform name="joomla" version="4" />
    </update>
	<update>
		<name>Evangelische Termine Liste</name>
		<description>Integrieren Sie Ihre Termine bei Evangelische Termine in Ihre Joomla-Seite mit dem Modul 'Evangelische Termine Liste' (v.2.0.1).</description>
		<element>mod_etliste</element>
		<type>module</type>
        <client>site</client>
		<version>2.0.1</version>
		<infourl title="Joomla!">https://github.com/herrpfarrer/Evangelische-Termine-Liste</infourl>
		<downloads>
			<downloadurl type="full" format="zip">https://github.com/herrpfarrer/Evangelische-Termine-Liste/releases/download/2.0.1/mod_etliste.zip</downloadurl>
		</downloads>
		<tags>
			<tag>stable</tag>
		</tags>
		<maintainer>Daniel Städtler</maintainer>
		<maintainerurl>https://github.com/herrpfarrer/</maintainerurl>
        <section>Updates</section>
        <targetplatform name="joomla" version="4" />
    </update>
</updates>